"","","","many","names","georgefloyd","","murder","needs","call","action","","","racism","police","brutality","","white","supremacy","america","","","sayhername","",""
"","real","autopsy","acknowledges","truth","georgefloyd","","cause","death","asphyxiation","killed","streets","minneapolis","front","eyes","world","want","","enforcement","","","","","",""
"every","","dealing","pain","constituents","death","georgefloyd","calling","weak","weak","confronting","humanity","people","violence","suppress","protests","guaranteed","constitution","unacceptable","","","","","",""
"potus","just","cited","insurrection","","going","cause","blood","death","streets","first","lose","georgefloyd","criminal","acts","","potus","going","proceed","people","expressing","views","protected","constitution",""
"daughter","martyred","hero","civil","rights","movement","reflects","georgefloyd","murder","","","","","","","","","","","","","","","",""
"today","weremember","american","lives","lost","covid","","","","","","","","","","","","","","","","","","",""
"terrible","virus","","pray","soon","know","","meet","inez","someday","neighbor","david","sent","beautiful","reflection","losing","wife","","lost","loved","ones","please","know","mourn","lament"
"","","","","","","","","","","","","","","","","","","","","","","","",""
"frankly","","never","ending","fight","today","face","","challenges","","covid","pandemic","seniors","veterans","residents","across","indian","country","communities","color","","affected","pandemic","",""
"","","united","states","lost","americans","covid","must","remember","mourn","honor","lives","","","","","","","","","","","","",""
"","","","","automatic","triggers","essential","covid","economic","relief","","sits","","repdonbeyer","vice","chair","jecdems","","","","hboushey","latest","","","covid"
"series","syllabus","","","","","","","","","","","","","","","","","","","","","","",""
"great","article","fbonews","friend","","","connor","employing","innovative","research","practices","increase","efficiency","ethanol","industry","","grateful","","dedication","agriculture","state","rural","communities","",""
"signed","onto","letter","","asking","provide","flexibility","usda","","cfap","program","livestock","producers","sold","animals","april","","compensated","losses","","incurred","","historically","","prices"
"covid","pandemic","","","","","","","","","","","","","","","","","","","","","","",""
"","keycnewsnow","rephagedorn","","","share","reactions","georgefloyd","protests","happening","minnesota","iowa","","","","","","","","","","","","",""
"happened","georgefloyd","horrific","","police","brutality","people","around","world","rightly","horrified","engaging","looting","violence","answer","answer","criminal","justice","system","hold","officers","accountable","","",""
"foxnews","","cruz","murder","charge","death","georgefloyd","wrong","police","officer","carry","brutality","like","","","","","","","","","","","",""
"legitimate","","enforcement","purpose","","georgefloyd","","case","clearly","police","brutality","conduct","expect","officer","","criminal","justice","system","must","hold","officers","accountable","actions","",""
"controlled","chinese","communist","government","parroted","propaganda","covid","went","global","","made","right","decision","withdrawing","","","funding","america","going","support","mouthpiece","communist","propaganda","",""
"","sentedcruz","legitimate","","enforcement","purpose","","georgefloyd","","case","clearly","police","brutality","conduct","expect","officer","","criminal","justice","system","must","hold","officers","accountable","actions"
"unity","peaceful","protest","horrific","murder","georgefloyd","four","rogue","minneapolis","officers","hijacked","socialist","groups","like","antifa","violence","detracts","horrible","injustice","inflicted","upon","george","floyd","",""
"today","taking","moment","silence","noon","remember","lives","lost","country","","covid","able","","join","help","keep","memories","passed","alive","","","","","",""
"","whipclyburn","noon","today","nation","pause","moment","silence","remember","lives","lost","covid","lost","loved","ones","country","stands","difficult","time","","","","","",""
"must","remember","names","","","","","","","","","","","","","","","","","","","","","",""
"must","confront","racial","inequality","systematic","injustice","society","must","listen","must","show","compassion","must","","opportunity","work","towards","change","together","","","","","",""
"peaceful","protestors","","allies","","horrified","lawless","destruction","happening","across","america","last","night","mostly","peaceful","protest","hundreds","","paso","came","together","solidarity","denounce","racism",""
"mourn","death","pray","justice","","peace","","","","","","","","","","","","","","","","","","",""
"incredibly","painful","watch","read","every","american","needs","understand","brutality","killed","georgefloyd","must","come","together","country","demand","","reform","injustice","within","system","eviscerate","racism","cancer","america"
"deeply","saddened","violence","impacted","community","weekend","actions","opportunists","detract","message","protested","peacefully","responsibly","","","","","","","","","","","",""
"","govricketts","watch","","","ricketts","provides","update","state","","covid","response","nebraska","department","health","human","services","","","","","","","",""
"georgefloyd","murdered","america","needs","president","rise","fray","bridge","divisions","heal","nation","hide","bunker","","justice","must","served","","","","","","","",""
"noon","today","","americans","pause","moment","silence","","grieve","nation","victims","covid","lost","loved","ones","stand","difficult","time","","","","","","",""
"unless","address","police","able","operate","impunity","commit","acts","violence","unarmed","citizens","consequences","never","going","make","real","progress","solutions","","","","","","",""
"officialmlk","spoke","nation","","slate","police","reform","bills","thank","friend","","","","keep","good","fight","","","","","","","","",""
"","lgbteqcaucus","pridemonth","different","still","reason","hope","","","","","","","","","","","","","","","","","",""
"","name","georgefloyd","","","","","","","","","","","","","","","","","","","","","",""
"","","tragic","deaths","georgefloyd","","many","others","reveal","spiritual","problem","america","","heart","racism","","equal","","","eyes","peaceful","protests","right","violence","unacceptable"
"must","restore","love","","","","","","","","","","","","","","","","","","","","","",""
"noon","","joining","senators","chriscoons","brianschatz","senatedems","colleagues","moment","silence","american","lives","lost","covid","support","millions","loved","ones","thrown","mourning","weremember","","","",""
"weremember","","welge","successful","businessman","","army","veteran","remembered","family","earth","humble","eternal","optimist","passed","april","","","rest","peace","","","","",""
"weremember","josephine","tapiru","","luis","tapiro","","josephine","nurse","park","view","rehab","edgewater","luis","","student","harold","washington","college","died","days","apart","josephine","luis",""
"underlying","health","conditions","","rest","peace","","","","","","","","","","","","","","","","","","",""
"weremember","","schwark","bonefield","","","passionate","cubs","","loved","gardening","wife","elizabeth","golfing","","james","breakfast","daughter","caitlin","","harbor","","visiting","daughter","megan"
"virginia","","rest","peace","","","","","","","","","","","","","","","","","","","","",""
"weremember","patricia","","sister","wanda","baily","crete","","succumbed","virus","nine","days","sister","wanda","","","tarah","said","","always","life","party","","person","didn"
"","deserve","","alone","","rest","peace","","","","","","","","","","","","","","","","","",""
"weremember","patricia","frieson","known","aunt","","family","retired","nurse","loved","singing","friends","members","tightknit","family","progressive","beulah","pentecostal","church","chicago","","south","side","","rest"
"peace","","","","","","","","","","","","","","","","","","","","","","","",""
"today","weremember","american","lives","lost","covid","moment","silence","among","illinoisans","today","mourn","loss","","","","","","","","","","","",""
"today","taking","moment","silence","noon","remember","lives","lost","country","","covid","able","","join","help","keep","memories","passed","alive","","","","","",""
"","drivers","among","frontline","heroes","public","health","crisis","deserve","thanks","pleased","announce","ridecarta","receive","million","federal","grant","cares","","help","respond","covid","safely","fulfilling",""
"needs","","","","","","","","","","","","","","","","","","","","","","","",""
"noon","today","nation","pause","moment","silence","remember","lives","lost","covid","lost","loved","ones","country","stands","difficult","time","","","","","","","",""
"please","pause","moment","silence","remember","lives","lost","country","covid","","","","","","","","","","","","","","","",""
"lives","lost","","","covid","aren","","just","statistic","mothers","fathers","grandparents","friends","neighbors","colleagues","lost","loved","ones","stand","difficult","time","","","",""
"month","june","honor","lgbtq","americans","continue","integral","part","american","history","","","continue","celebrate","take","pride","nation","","diversity","work","build","bright","future","americans","pridemonth"
"today","observe","national","","plus","lives","lost","covid","including","","honor","nurses","doctors","frontline","workers","family","friends","neighbors","impacted","never","forgotten","","","",""
"","judge","badalamenti","confirmed","","district","court","middle","district","florida","governor","proud","appoint","","know","","continue","uphold","constitution","serve","nation","state","well","",""
"need","channel","anger","outrage","action","change","","especially","","benefit","racism","oppression","need","look","deep","","","listen","learn","","","","","",""
"georgefloyd","looked","like","","still","alive","today","sickening","wrong","today","worcester","community","came","together","united","peaceful","protest","demand","","systemic","racism","country","","",""
"today","observe","june","","national","","mourning","lament","remember","americans","died","","covid","honor","memories","passed","","","","","","","","",""
"doctors","nurses","","drivers","cashiers","mothers","fathers","siblings","grandparents","aunts","uncles","cousins","friends","neighbors","colleagues","lives","lost","never","forgotten","","","","","",""
"tomorrow","","join","virtual","town","hall","sbagov","","district","director","mark","hayward","discussing","latest","covid","relief","small","businesses","","watch","virtual","event","using","link",""
"testing","vital","keeping","communities","safe","covid","especially","black","latinx","communities","virus","","hardest","thank","","partners","making","free","easy","convenient","testing","site","possible","",""
"farmers","operation","directly","impacted","covid","make","sure","apply","relief","usda","","coronavirus","food","assistance","program","info","visit","","","","","","","",""
"must","justice","george","floyd","right","","work","together","friends","neighbors","","nation","toward","solutions","recurring","cases","iowans","found","place","start","","","","",""
"huykehector","anakasparian","","","just","tweet","tell","","need","","","","express","outrage","need","solutions","","","","","","","","",""
"overlook","impact","coronavirus","latino","communities","","","households","reporting","symptoms","covid","data","needed","assistance","","protections","minority","workers","","risk","frontline","jobs","","",""
"years","","lgbtq","americans","stood","stonewall","spoke","","","injustice","mark","pridemonth","","tribute","","rights","movement","","recommit","unfinished","work","fight","equality","civil","rights"
"last","week","surpassed","tragic","painful","milestone","innocent","lives","lost","forever","covid","week","lose","thousands","today","weremember","moment","silence","honoring","lives","","reflecting","dark","chapter","history"
"","","calling","","regarding","concerns","","detainees","","staff","pulaski","county","detention","center","","facility","lacks","layout","social","distancing","","seen","rapid","spread","covid"
"georgefloyd","","","breathe","anymore","","lucky","enough","still","today","","every","breath","fight","justice","robbed","corner","chicago","avenue","east","","street","minneapolis","",""
"","","","","","","","","","","","","","","","","","","","","","","","",""
"","senatedems","","holding","moment","silence","remember","american","lives","lost","covid","weremember","","","","","","","","","","","","",""
"","","today","pause","honor","american","lives","including","rhode","islanders","","tragically","lost","covid","many","families","grieve","solitude","weremember","","","","","",""
"time","almost","unimaginable","pain","essential","pause","honor","every","life","lost","covid","","grieve","together","please","consider","","national","moment","silence","today","noon","weremember","",""
"","","weremember","americans","lost","lives","covid","behind","staggering","death","toll","mourning","loss","loved","ones","encourage","granite","staters","join","honoring","impacted","","national","moment","silence"
"today","noon","","","","","","","","","","","","","","","","","","","","","","",""
"","senfeinstein","today","nation","joining","together","moment","silence","honor","coronavirus","victims","","anger","frustration","spread","across","country","","important","","ever","come","together","show",""
"stand","","nation","united","","","","","","","","","","","","","","","","","","","","",""
"","pattymurray","join","others","across","country","tomorrow","monday","june","","","","moment","silence","remember","american","lives","lost","coronavirus","weremember","","","","",""
"","pattymurray","amid","deep","pain","anger","","throughout","country","today","weremember","","honor","loved","ones","lost","coronavirus","memory","","","forget","take","care","",""
"","senbobcasey","noon","","joining","senators","chriscoons","brianschatz","senatedems","colleagues","moment","silence","american","lives","lost","covid","support","millions","loved","ones","thrown","mourning","weremember","",""
"","senduckworth","last","week","surpassed","tragic","painful","milestone","innocent","lives","lost","forever","covid","week","lose","thousands","today","weremember","moment","silence","honoring","lives","","reflecting","dark"
"chapter","history","","","","","","","","","","","","","","","","","","","","","","",""
"","senschumer","","recognizing","moment","silence","remember","american","lives","","lost","covid","parents","children","family","members","friends","people","","york","across","country","","praying","families"
"weremember","","","","","","","","","","","","","","","","","","","","","","","",""
"","amprog","today","weremember","american","lives","lost","covid","mourn","communities","color","","impacted","virus","thank","health","care","workers","risk","lives","caring","sick","","pause","feed"
"national","moment","silence","","","","","","","","","","","","","","","","","","","","","",""
"today","weremember","american","lives","lost","covid","hawai","mourn","loss","","","","","","","","","","","","","","","",""
"lives","lost","country","covid","today","honor","doctors","nurses","","drivers","grocery","store","workers","mother","fathers","siblings","friends","neighbors","loved","ones","lives","never","forgotten","lament",""
"","","","","","","","","","","","","","","","","","","","","","","","",""
"north","texans","tragically","lost","many","friends","family","neighbors","covid","join","","today","moment","silence","","honor","lives","","lost","virus","pledge","work","together","save","lives"
"","lament","","","","","","","","","","","","","","","","","","","","","","",""
"amid","deep","pain","anger","","throughout","country","today","weremember","","honor","loved","ones","lost","coronavirus","memory","","","forget","take","care","","","",""
"pridemonth","","look","","different","year","fight","toward","equality","endures","lgbtqia","community","many","washington","state","across","country","know","always","ally","long","march","towards","justice",""
"lives","lost","country","covid","today","honor","please","join","moment","silence","noon","lament","","","","","","","","","","","","",""
"doctors","nurses","","drivers","cashiers","mothers","fathers","siblings","grandparents","aunts","uncles","cousins","friends","neighbors","colleagues","lives","lost","covid","never","forgotten","","lament","","",""
"brutal","slayings","","witnessed","recent","weeks","almost","much","bear","","ever","silent","turn","heads","tragedy","george","floyd","","life","mattered","breonna","taylor","","life","mattered"
"ahmaud","arbery","","life","mattered","","","","","","","","","","","","","","","","","","","",""
"today","marks","first","","pridemonth","time","celebrate","","lgbtq","community","come","recognize","much","needs","done","","proud","vocal","ally","lgbtq","community","congress","","","keep"
"fighting","equality","justice","inclusion","","","","","","","","","","","","","","","","","","","","",""
"wrong","country","built","freedom","speech","freedom","assembly","built","protestors","standing","rights","stay","city","","","","","","","","","","","",""
"simply","names","list","","","york","times","","","","","","","","","","","","","","","","","",""
"today","taking","moment","silence","noon","remember","lives","lost","country","","covid","able","","join","help","keep","memories","passed","alive","","","","","",""
"","many","names","georgefloyd","","murder","needs","call","action","","","racism","police","brutality","","white","supremacy","america","","","sayhername","","","",""
"today","start","pridemonth","time","celebrate","","","come","nation","recognizing","rights","","dignity","lgbtq","americans","pride","month","different","","covid","","","recommit","fighting","full"
"equality","people","","","","","","","","","","","","","","","","","","","","","","",""
"","","","","hora","local","","houston","vamos","tener","","reuni","","virtual","comunitaria","","telemundohou","sobre","covid","","","inequidad","","desafios",""
"","comunidad","latina","puedes","","esta","reuni","","virtual","","vivo","","","","","","","","","","","","","",""
"people","lost","covid","just","statistic","mothers","fathers","grandparents","neighbors","teachers","friends","take","moment","remember","honor","today","lament","","","","","","","",""
"hospitals","virginia","seeing","","jumps","number","asymptomatic","people","test","positive","without","testing","lives","lost","","","","","","","","","","",""
"lives","lost","country","covid","virginia","lost","people","today","honor","lives","never","forgotten","lament","","","","","","","","","","","",""
"doctors","nurses","","drivers","cashiers","mothers","fathers","siblings","grandparents","aunts","uncles","cousins","friends","neighbors","colleagues","lives","lost","never","forgotten","","","","","",""
"country","lost","lives","covid","today","national","","take","moment","silence","noon","grieve","remember","passed","","terrible","pandemic","","","","","","","",""
"today","pause","honor","american","lives","including","rhode","islanders","","tragically","lost","covid","many","families","grieve","solitude","weremember","","","","","","","",""
"today","weremember","american","lives","lost","covid","national","","","tribute","","grieve","together","","","","","","","","","","","",""
"first","","pridemonth","remember","pride","just","celebration","deep","roots","protest","people","color","continue","stand","lgbtq","community","ongoing","fight","equal","rights","","","","",""
"","march","long","branch","sunday","peaceful","largely","true","","jersey","protests","murder","george","floyd","pleased","","former","colleague","attorney","general","keithellison","","prosecuting","minneapolis",""
"","","racism","plagued","nation","since","founding","","must","better","","must","","individuals","families","communities","elected","officials","","make","change","fight","justice","",""
"","cagovernor","live","","governor","gavinnewsom","provides","update","","across","state","california","","response","covid","","","","","","","","","",""
"exhibit","","","","","","","","","","","","","","","","","","","","","","","",""
"continue","raise","voices","police","brutality","country","","demand","justice","","","","","","","","","","","","","","","",""
"need","give","victims","abuse","support","need","especially","domestic","violence","shelters","face","increased","strain","covid","","joined","","calling","funding","programs","support","domestic","violence","survivors",""
"pets","","","","","","","","","","","","","","","","","","","","","","","",""
"pride","","parade","","month","love","acceptance","show","towards","others","matter","","happy","pridemonth","amazing","pinellas","lgbtq","community","","","","","","",""
"right","call","","thank","extending","eviction","moratorium","july","","necessary","measure","floridians","unemployed","covid","receiving","benefits","guaranteed","cares","","","","","","",""
"state","florida","","covid","testing","plan","","","days","enactment","","","bill","signed","","april","today","wrote","","urging","release","state","","plan","protect"
"floridians","ensure","transparency","","","","","","","","","","","","","","","","","","","","","",""
"","","channel","outrage","action","address","inequality","improve","access","health","care","expand","","education","boost","wages","","","","","","","","",""
"pridemonth","honor","","lgbtq","movement","closer","equality","willingness","challenge","status","","make","americans","","engage","widespread","protest","reason","much","progress","made","","","",""
"today","weremember","americans","ohioans","lost","lives","covid","friends","neighbors","parents","grandparents","daughters","sons","please","join","moment","silence","across","nation","honor","memory","","","",""
"","","lives","lost","country","covid","doctors","nurses","","drivers","cashiers","mothers","fathers","siblings","grandparents","aunts","uncles","cousins","friends","neighbors","colleagues","today","honor","lives","never"
"forgotten","lament","","","","","","","","","","","","","","","","","","","","","","",""
"lives","lost","country","covid","doctors","nurses","","drivers","cashiers","mothers","fathers","siblings","grandparents","aunts","uncles","cousins","friends","neighbors","colleagues","today","honor","lives","never","forgotten","lament"
"","","","","","","","","","","","","","","","","","","","","","","","",""
"cbsusvi","interview","mattknoedler","discussing","impact","covid","puerto","rico","","economy","","","","","","","","","","","","","","",""
"today","marks","beginning","pridemonth","","going","look","different","fight","lgbtq","equality","doesn","","stop","moment","crisis","","","","","","","","",""
"today","nation","joining","together","moment","silence","honor","coronavirus","victims","","anger","frustration","spread","across","country","","important","","ever","come","together","show","","stand",""
"nation","united","","","","","","","","","","","","","","","","","","","","","","",""
"","countyofla","","latest","covid","","county","tune","","updates","","","","","","","","","","","","","","",""
"lives","lost","country","covid","today","honor","doctors","nurses","families","friends","neighbors","colleagues","lives","never","forgotten","","lament","","","","","","","",""
"moment","justice","root","systemic","racism","every","institution","country","work","done","honor","join","reverend","anderson","","community","leaders","georgefloyd","vigil","","","","","",""
"battle","","pandemics","covid","virus","scourge","racism","president","trump","","decision","invoke","insurrection","","inflammatory","rhetoric","proves","lead","","tumultuous","times","unite","country","",""
"lives","lost","country","covid","today","honor","lives","never","forgotten","lament","","","","","","","","","","","","","","",""
"community","reeling","events","past","week","addition","global","pandemic","taken","lives","americans","able","join","noon","observing","moment","silence","remember","lives","","stories","","","",""
"","paul","","free","meal","service","families","need","available","","today","resume","regular","schedule","tomorrow","details","","","","","","","","",""
"nearly","nation","","covid","deaths","tied","nursing","homes","vulnerable","long","term","care","residents","workers","crying","help","months","trump","","","inexplicable","delay","publishing","covid","data"
"nursing","homes","national","disgrace","","","","","","","","","","","","","","","","","","","","",""
"doctors","nurses","","drivers","cashiers","mothers","fathers","siblings","grandparents","aunts","uncles","cousins","friends","neighbors","colleagues","today","observe","national","","mourning","lament","honor","fallen","covid",""
"lament","","","","","","","","","","","","","","","","","","","","","","","",""
"today","observe","june","","national","","mourning","lament","lives","lost","country","covid","doctors","nurses","parents","grandparents","siblings","friends","neighbors","never","forgotten","","","",""
"weremember","americans","lost","lives","covid","behind","staggering","death","toll","mourning","loss","loved","ones","encourage","granite","staters","join","honoring","impacted","","national","moment","silence","today","noon"
"senatemajldr","must","allow","senate","work","providing","relief","cities","states","communities","hard","","covid","face","severe","funding","gaps","threaten","ability","provide","essential","services","residents","",""
"took","moment","silence","noon","today","remember","lives","lost","country","","covid","able","","join","help","keep","memories","passed","alive","","","","","",""
"today","marks","first","","pridemonth","today","reaffirm","commitment","fighting","lgbtq","equality","continue","fight","justice","civil","rights","people","","","","","","","",""
"","recognizing","moment","silence","remember","american","lives","","lost","covid","parents","children","family","members","friends","people","","york","across","country","","praying","families","weremember",""
"outcry","justice","among","african","americans","reached","boiling","point","malicious","killing","george","floyd","hands","","protect","","intolerable","officers","watched","just","guilty","want","deserve","demand","justice"
"georgefloyd","","","","","","","","","","","","","","","","","","","","","","","",""
"yesterday","participated","peaceful","","calling","justice","georgefloyd","week","taking","part","several","forums","","leaders","black","community","listen","learn","","hear","","","","",""
"collectively","grieve","weekend","pain","shed","light","nation","","deep","fissures","","take","moment","remember","lives","lost","country","","covid","","","","","",""
"today","weremember","american","lives","lost","covid","wisconsin","mourns","loss","many","including","george","matthews","milwaukee","advocate","army","veteran","passed","away","result","","covid","","",""
"last","night","joined","shannonbream","discuss","urgent","need","restore","","order","across","nation","importance","building","trust","community","","enforcement","watch","","","","","",""
"murder","georgefloyd","","another","example","police","brutality","","systemic","racism","persists","country","around","world","contra","costa","people","rightfully","","peacefully","protesting","racial","justice","",""
"remember","names","","","","","","","","","","","","","","","","","","","","","","",""
"today","observe","june","","national","","mourning","lament","honor","fallen","covid","","lament","","","","","","","","","","","",""
"doctors","nurses","","drivers","cashiers","mothers","fathers","siblings","grandparents","aunts","uncles","cousins","friends","neighbors","colleagues","american","lives","lost","coronavirus","never","forgotten","","","",""
"pridemonth","","","remember","leaders","like","marsha","","johnson","black","trans","woman","helped","spark","lgbtq","rights","movement","stonewall","riots","today","must","keep","fighting","","violence"
"","forms","still","much","done","","","","","","","","","","","","","","","","","","","",""
"join","jimwallis","people","faith","walks","lament","","moment","mourning","lament","pandemic","disease","racism","still","overcome","pray","country","","","","","","","",""
"just","","","many","must","better","","","","","","","","","","","","","","","","","","",""
"doctors","nurses","","drivers","cashiers","mothers","fathers","siblings","grandparents","aunts","uncles","cousins","friends","neighbors","colleagues","american","lives","lost","none","deserves","statistic","","","ensure",""
"honored","remembered","","","","","","","","","","","","","","","","","","","","","","",""
"friends","reppressley","","ilhan","repkarenbass","absolutely","tireless","dogged","pursuit","justice","proud","stand","original","cosponsor","critical","resolution","congress","must","swiftly","loudly","affirm","","","",""
"continue","allow","authorized","uncapped","guestworker","program","incentivize","employment","","","","citizens","million","americans","work","","optional","practical","training","","program","","","",""
"","continue","working","leaders","nevada","across","nation","protect","rights","freedoms","lgbtq","individuals","happy","pridemonth","","","","","","","","","","",""
"","proud","progress","nevada","made","lgbtq","equality","existing","national","patchwork","protections","sufficient","ensure","lgbtq","individuals","","live","free","","","","","","",""
"","every","june","honor","efforts","lgbtq","individuals","across","country","","celebrate","beauty","vibrancy","community","incalculable","","made","nation","","","","","","",""
"today","weremember","faces","pandemic","reflect","lives","impact","communities","click","link","read","stories","share","story","help","honor","memory","someone","","lost","","covid","","",""
"introduced","bill","","","","","chriscoons","calling","america","","tribute","victims","covid","moment","silence","today","","","","","","","","",""
"mourn","loss","family","members","friends","community","members","","covid","pandemic","","important","remember","victims","virus","just","number","just","statistic","","","","","",""
"june","pridemonth","celebrating","lgbtq","community","courageous","activism","countless","americans","stood","fought","equality","lgbtq","community","","love","always","fight","","","","","","",""
"","pause","today","remember","lives","lost","country","","covid","","parent","grandparent","sibling","child","valued","community","member","must","work","prevent","lives","lost","","",""
"today","take","moment","remember","americans","lost","","covid","able","","join","moment","silence","noon","think","lost","mourn","loved","ones","","","","","",""
"americans","died","covid","black","","brown","families","","communities","suffered","worst","crisis","today","remember","family","friends","","neighbors","","lost","","recognize","country","","pain"
"","grief","time","tragedy","","","","","","","","","","","","","","","","","","","","",""
"joined","","calling","justice","georgefloyd","loved","ones","others","lost","lives","unjustly","hear","mourn","","","","","","","","","","","",""
"","capac","long","black","brown","lives","considered","disposable","pleas","whether","kneeling","peacefully","shouting","streets","ignored","aapis","stand","","people","demanding","justice","georgefloyd","","many","others"
"like","","","","","","","","","","","","","","","","","","","","","","","",""
"today","observe","june","","national","","mourning","honor","fallen","covid","","","","","","","","","","","","","","",""
"","grahamallen_","antifa","officially","terrorists","repmattgaetz","joins","","discuss","riots","dear","america","","","","","","","","","","","","",""
"today","mourn","loss","americans","marylanders","covid","mourn","","lost","parents","grandparents","children","friends","","valued","members","communities","continued","fight","pandemic","must","never","forget","memory",""
"weremember","","","lives","lost","covid","remember","marlowe","stoudamire","","","dedicated","life","","talent","projects","strengthened","detroit","","beloved","michiganders","","lost","covid","rest"
"peace","","","","","","","","","","","","","","","","","","","","","","","",""
"years","stonewall","pridemonth","celebrated","testament","progress","","achieved","fight","bigotry","","","stands","reminder","work","remains","achieve","full","equality","lgbtq","people","americans","","",""
"across","country","americans","protesting","","pattern","racial","injustice","brutality","","recently","murder","georgefloyd","","time","country","cries","unification","president","ripping","apart","","","",""
"getting","folks","back","work","critical","","economy","","cosponsored","","","back","work","bonus","proposal","incentivize","temporarily","unemployed","return","work","help","main","street","rebuild","wake"
"covid","","","","","","","","","","","","","","","","","","","","","","","",""
"","deployed","hospital","ships","front","lines","covid","","","crews","provide","high","quality","health","care","heavily","impacted","areas","nation","owes","debt","gratitude","commitment","saving","lives"
"anything","causes","death","high","rate","public","health","problem","includes","police","brutality","racism","public","health","issue","","","","","","","","","",""
"join","","","brad","forbes","","","state","","association","","","shapiro","live","discussion","mental","health","time","covid","details","","","","",""
"happy","pridemonth","confront","racism","","police","brutality","","","remember","pride","started","stonewall","","","celebrate","queer","people","color","","","honor","bravery","","leadership"
"promoting","inclusive","movement","equality","","","","","","","","","","","","","","","","","","","","",""
"congress","promised","publication","full","data","impact","covid","america","","nursing","homes","","assisted","living","facilities","","","well","","june","still","","","","accurately"
"equip","","assist","seniors","","admin","","","even","give","","facts","","","","","","","","","","","","",""
"three","policemen","accessories","georgefloyd","","murder","going","arrested","","","","","","","","","","","","","","","","",""
"terrance","floyd","brother","georgefloyd","just","delivered","powerful","poignant","message","protesters","","","wild","best","","make","voices","heard","vote","","","","","",""
"pridemonth","begins","","","celebrate","progress","nation","made","since","stonewall","","","also","reflect","injustices","remain","work","done","every","lgbtq","individual","rights","","every","american"
"stand","terrence","floyd","brother","georgefloyd","moving","call","peace","unity","action","across","united","states","","take","notes","real","leadership","looks","like","","","","",""
"today","noon","taking","moment","silence","remember","american","lives","lost","covid","able","join","help","keep","memories","","lost","alive","","","","","","",""
"today","marks","beginning","pridemonth","","progress","proud","fight","equality","","must","keep","fighting","americans","","live","dignity","world","free","homophobia","transphobia","biphobia","","",""
"systemic","racism","caused","things","like","calling","cops","unarmed","black","","life","threatening","country","built","foundation","white","supremacy","","time","change","","","","",""
"must","listen","youth","future","deserve","future","commit","show","","thank","youth","district","leading","","photos","youth","","rally","oakland","tech","high","school","today","",""
"today","start","pridemonth","time","celebrate","hard","fought","strides","lgbtq","rights","","month","reminder","fight","justice","","","always","popular","equal","treatment","","worth","fighting",""
"enough","","reject","prejudice","must","","dedicate","actions","work","right","injustice","dismantle","policies","systems","drive","inequality","health","disparities","violence","black","lives","","","",""
"find","covid","testing","site","neighborhood","visit","","","","","","","","","","","","","","","","","","",""
"americans","lost","lives","covid","just","names","list","loved","ones","neighbors","forever","lost","world","today","honor","memories","mourn","loss","facing","many","american","families","","",""
"lives","lost","country","covid","today","honor","ensure","lives","never","forgotten","lost","loved","ones","country","stands","always","simply","names","list","","","","","",""
"","secured","billions","federal","","help","nevadans","covid","","woods","","","means","done","fighting","congress","","nevadans","relief","need","info","covid","resources","check","resources"
"guide","","","","","","","","","","","","","","","","","","","","","","","",""
"fight","true","equality","goes","beyond","washington","ways","","must","take","upon","create","","society","person","needs","fear","life","love","pridemonth","","","","",""
"member","congress","understand","","must","pass","legislation","improve","protections","lgbtq","americans","like","equality","","blocking","","policies","like","","","transgender","military","","",""
"","need","test","covid","","","free","without","symptoms","","","","insurance","cover","copay","check","beforehand","unsure","number","testing","sites","","","need","doctor"
"","note","others","","","","flags","","","","","","","","","","","","","","","","","",""
"communities","color","continue","","impacted","covid","longstanding","disparities","health","care","justice","housing","food","security","economic","","left","families","vulnerable","race","neutral","solutions","","","solve"
"","","condone","violence","destruction","also","shouldn","","","small","group","people","detract","message","heart","movement","georgefloyd","still","alive","stand","peaceful","protesters","demanding","change",""
"","bend","","history","toward","justice","","","","","","","","","","","","","","","","","","",""
"statement","potus","intent","invoke","insurrection","","order","deploy","armed","forces","across","country","response","protests","georgefloyd","","murder","","","","","","","",""
"trump","police","fire","rubber","bullets","tear","","peaceful","protesters","stage","photo","","thinks","makes","look","","strong","never","clearer","small","weak","","","","truth"
"","","","","","","","","","","","","","","","","","","","","","","","",""
"","honor","lives","georgefloyd","others","wrongfully","killed","hands","","enforcement","americans","work","together","systemic","changes","fight","racism","biased","justice","system","economic","inequality","","",""
"today","joined","local","leaders","welcome","","small","businesses","logan","community","","southern","charms","jewelry","near","","furniture","successful","opening","recover","covid","","uplifting","",""
"businesses","open","doors","","","","","","","","","","","","","","","","","","","","","",""
"black","community","millions","allies","around","world","","pain","hear","cries","stand","","","","","","","","","","","","","",""
"join","calls","justice","stand","black","community","demanding","change","america","must","condemn","police","brutality","confront","racism","forms","create","better","safer","just","country","","","",""
"combat","covid","","safely","reopen","","","critical","increase","nevadans","access","","","support","small","businesses","","happy","announce","cares","","grant","funding","awarded",""
"","","industry","excellence","help","small","","produce","","","","","","","","","","","","","","","","",""
"moments","like","","clear","must","take","action","must","also","look","inwards","listen","lead","love","","","","","","","","","","",""
"today","weremember","lives","lost","covid","across","united","states","","","just","number","every","single","","lives","left","loved","ones","legacy","behind","","","grieve","mourn"
"together","","forget","","","","","","","","","","","","","","","","","","","","","",""
"applaud","peaceful","protestors","support","calls","justice","taking","advantage","tragedy","loot","vandalize","criminals","patriots","americans","need","come","together","unity","greater","","","destruction","","healing","begin"
"georgefloyd","","","","","","","","","","","","","","","","","","","","","","","",""
"response","call","military","profoundly","dangerous","answer","abject","failure","leadership","","","","","","","","","","","","","","","",""
